"Customer ID","Customer Name","Order ID",Sales
CG-12520,"Claire Gute",CA-2016-152156,261.96
CG-12520,"Claire Gute",CA-2016-152156,731.94
DV-13045,"Darrin Van Huff",CA-2016-138688,14.62
SO-20335,"Sean O'Donnell",US-2015-108966,957.5775
SO-20335,"Sean O'Donnell",US-2015-108966,22.368
BH-11710,"Brosina Hoffman",CA-2014-115812,48.86
BH-11710,"Brosina Hoffman",CA-2014-115812,7.28
BH-11710,"Brosina Hoffman",CA-2014-115812,907.152
BH-11710,"Brosina Hoffman",CA-2014-115812,18.504
BH-11710,"Brosina Hoffman",CA-2014-115812,114.9
BH-11710,"Brosina Hoffman",CA-2014-115812,1706.184
BH-11710,"Brosina Hoffman",CA-2014-115812,911.424
AA-10480,"Andrew Allen",CA-2017-114412,15.552
IM-15070,"Irene Maddox",CA-2016-161389,407.976
HP-14815,"Harold Pawlan",US-2015-118983,68.81
HP-14815,"Harold Pawlan",US-2015-118983,2.544
PK-19075,"Pete Kriz",CA-2014-105893,665.88
AG-10270,"Alejandro Grove",CA-2014-167164,55.5
ZD-21925,"Zuschuss Donatelli",CA-2014-143336,8.56
ZD-21925,"Zuschuss Donatelli",CA-2014-143336,213.48
ZD-21925,"Zuschuss Donatelli",CA-2014-143336,22.72
KB-16585,"Ken Black",CA-2016-137330,19.46
KB-16585,"Ken Black",CA-2016-137330,60.34
SF-20065,"Sandra Flanagan",US-2017-156909,71.372
EB-13870,"Emily Burns",CA-2015-106320,1044.63
EH-13945,"Eric Hoffmann",CA-2016-121755,11.648
EH-13945,"Eric Hoffmann",CA-2016-121755,90.57
TB-21520,"Tracy Blumstein",US-2015-150630,3083.43
TB-21520,"Tracy Blumstein",US-2015-150630,9.618
TB-21520,"Tracy Blumstein",US-2015-150630,124.2
TB-21520,"Tracy Blumstein",US-2015-150630,3.264
TB-21520,"Tracy Blumstein",US-2015-150630,86.304
TB-21520,"Tracy Blumstein",US-2015-150630,15.76
MA-17560,"Matt Abelman",CA-2017-107727,29.472
GH-14485,"Gene Hale",CA-2016-117590,1097.544
GH-14485,"Gene Hale",CA-2016-117590,190.92
SN-20710,"Steve Nguyen",CA-2015-117415,113.328
SN-20710,"Steve Nguyen",CA-2015-117415,532.3992
SN-20710,"Steve Nguyen",CA-2015-117415,212.058
SN-20710,"Steve Nguyen",CA-2015-117415,371.168
LC-16930,"Linda Cazamias",CA-2017-120999,147.168
RA-19885,"Ruben Ausman",CA-2016-101343,77.88
ES-14080,"Erin Smith",CA-2017-139619,95.616
ON-18715,"Odella Nelson",CA-2016-118255,45.98
ON-18715,"Odella Nelson",CA-2016-118255,17.46
PO-18865,"Patrick O'Donnell",CA-2014-146703,211.96
LH-16900,"Lena Hernandez",CA-2016-169194,45
LH-16900,"Lena Hernandez",CA-2016-169194,21.8
DP-13000,"Darren Powers",CA-2015-115742,38.22
DP-13000,"Darren Powers",CA-2015-115742,75.18
DP-13000,"Darren Powers",CA-2015-115742,6.16
DP-13000,"Darren Powers",CA-2015-115742,89.99
JM-15265,"Janet Molinari",CA-2016-105816,15.26
JM-15265,"Janet Molinari",CA-2016-105816,1029.95
TB-21055,"Ted Butterfield",CA-2016-111682,208.56
TB-21055,"Ted Butterfield",CA-2016-111682,32.4
TB-21055,"Ted Butterfield",CA-2016-111682,319.41
TB-21055,"Ted Butterfield",CA-2016-111682,14.56
TB-21055,"Ted Butterfield",CA-2016-111682,30
TB-21055,"Ted Butterfield",CA-2016-111682,48.48
TB-21055,"Ted Butterfield",CA-2016-111682,1.68
KM-16720,"Kunst Miller",CA-2015-135545,13.98
KM-16720,"Kunst Miller",CA-2015-135545,25.824
KM-16720,"Kunst Miller",CA-2015-135545,146.73
KM-16720,"Kunst Miller",CA-2015-135545,79.76
PS-18970,"Paul Stevenson",US-2015-164175,213.115
BS-11590,"Brendan Sweed",CA-2014-106376,1113.024
BS-11590,"Brendan Sweed",CA-2014-106376,167.968
KD-16270,"Karen Daniels",CA-2016-119823,75.88
HM-14980,"Henry MacAllister",CA-2016-106075,4.616
TB-21520,"Tracy Blumstein",CA-2017-114440,19.05
JE-15745,"Joel Eaton",US-2015-134026,831.936
JE-15745,"Joel Eaton",US-2015-134026,97.04
JE-15745,"Joel Eaton",US-2015-134026,72.784
KB-16600,"Ken Brennan",US-2017-118038,1.248
KB-16600,"Ken Brennan",US-2017-118038,27.24
JE-15745,"Joel Eaton",US-2014-147606,19.3
SC-20770,"Stewart Carmichael",CA-2016-127208,208.16
SC-20770,"Stewart Carmichael",CA-2016-127208,16.74
DN-13690,"Duane Noonan",CA-2014-139451,14.9
DN-13690,"Duane Noonan",CA-2014-139451,21.39
JC-16105,"Julie Creighton",CA-2015-149734,200.984
CS-12400,"Christopher Schild",US-2017-119662,230.376
PO-18865,"Patrick O'Donnell",CA-2017-140088,301.96
PG-18895,"Paul Gonzalez",CA-2017-155558,19.99
PG-18895,"Paul Gonzalez",CA-2017-155558,6.16
GM-14455,"Gary Mitchum",CA-2016-159695,158.368
JS-15685,"Jim Sink",CA-2016-109806,20.1
JS-15685,"Jim Sink",CA-2016-109806,73.584
JS-15685,"Jim Sink",CA-2016-109806,6.48
KB-16315,"Karl Braun",CA-2015-149587,12.96
KB-16315,"Karl Braun",CA-2015-149587,53.34
KB-16315,"Karl Braun",CA-2015-149587,32.96
RB-19705,"Roger Barcio",US-2017-109484,5.682
PN-18775,"Parhena Norris",CA-2017-161018,96.53
KD-16345,"Katherine Ducich",CA-2017-157833,51.312
ER-13855,"Elpida Rittenbach",CA-2016-149223,77.88
RB-19465,"Rick Bensley",CA-2016-158568,64.624
RB-19465,"Rick Bensley",CA-2016-158568,95.976
RB-19465,"Rick Bensley",CA-2016-158568,1.788
GZ-14470,"Gary Zandusky",CA-2016-129903,23.92
LC-16870,"Lena Cacioppo",US-2015-156867,238.896
LC-16870,"Lena Cacioppo",US-2015-156867,102.36
JM-15250,"Janet Martin",CA-2017-119004,74.112
JM-15250,"Janet Martin",CA-2017-119004,27.992
JM-15250,"Janet Martin",CA-2017-119004,3.304
PA-19060,"Pete Armstrong",CA-2015-129476,339.96
CV-12805,"Cynthia Voltz",CA-2017-146780,41.96
CL-12565,"Clay Ludtke",CA-2016-128867,75.96
CL-12565,"Clay Ludtke",CA-2016-128867,27.24
RC-19960,"Ryan Crowe",CA-2014-115259,40.096
RC-19960,"Ryan Crowe",CA-2014-115259,4.72
RC-19960,"Ryan Crowe",CA-2014-115259,23.976
RC-19960,"Ryan Crowe",CA-2014-115259,130.464
DK-13090,"Dave Kipp",CA-2015-110457,787.53
GG-14650,"Greg Guthrie",US-2015-136476,157.794
SC-20725,"Steven Cartwright",CA-2016-103730,47.04
SC-20725,"Steven Cartwright",CA-2016-103730,30.84
SC-20725,"Steven Cartwright",CA-2016-103730,226.56
SC-20725,"Steven Cartwright",CA-2016-103730,115.02
SC-20725,"Steven Cartwright",CA-2016-103730,68.04
AD-10180,"Alan Dominguez",US-2014-152030,600.558
PF-19165,"Philip Fox",US-2014-134614,617.7
TS-21610,"Troy Staebel",US-2017-107272,2.388
TS-21610,"Troy Staebel",US-2017-107272,243.992
LS-16975,"Lindsay Shagiari",US-2016-125969,81.424
LS-16975,"Lindsay Shagiari",US-2016-125969,238.56
DW-13585,"Dorothy Wardle",US-2017-164147,59.97
DW-13585,"Dorothy Wardle",US-2017-164147,78.304
DW-13585,"Dorothy Wardle",US-2017-164147,21.456
LC-16885,"Lena Creighton",CA-2016-145583,20.04
LC-16885,"Lena Creighton",CA-2016-145583,35.44
LC-16885,"Lena Creighton",CA-2016-145583,11.52
LC-16885,"Lena Creighton",CA-2016-145583,4.02
LC-16885,"Lena Creighton",CA-2016-145583,76.176
LC-16885,"Lena Creighton",CA-2016-145583,65.88
LC-16885,"Lena Creighton",CA-2016-145583,43.12
JD-15895,"Jonathan Doherty",CA-2016-110366,82.8
SH-19975,"Sally Hughsby",CA-2017-106180,8.82
SH-19975,"Sally Hughsby",CA-2017-106180,10.86
SH-19975,"Sally Hughsby",CA-2017-106180,143.7
SG-20080,"Sandra Glassco",CA-2017-155376,839.43
HA-14920,"Helen Andreada",CA-2015-110744,671.93
MG-17680,"Maureen Gastineau",CA-2014-110072,93.888
JE-16165,"Justin Ellison",CA-2016-114489,384.45
JE-16165,"Justin Ellison",CA-2016-114489,149.97
JE-16165,"Justin Ellison",CA-2016-114489,1951.84
JE-16165,"Justin Ellison",CA-2016-114489,171.55
TW-21025,"Tamara Willingham",CA-2016-158834,157.92
TW-21025,"Tamara Willingham",CA-2016-158834,203.184
SP-20650,"Stephanie Phelps",CA-2015-124919,58.38
SP-20650,"Stephanie Phelps",CA-2015-124919,105.52
SP-20650,"Stephanie Phelps",CA-2015-124919,80.88
NK-18490,"Neil Knudson",CA-2015-118948,6.63
DB-13060,"Dave Brooks",CA-2014-104269,457.568
NP-18670,"Nora Paige",CA-2016-114104,14.62
NP-18670,"Nora Paige",CA-2016-114104,944.93
TT-21070,"Ted Trevino",CA-2016-162733,5.98
EM-13960,"Eric Murdock",CA-2015-119697,54.384
RD-19900,"Ruben Dartt",CA-2016-154508,28.4
MJ-17740,"Max Jones",CA-2016-113817,27.68
BM-11140,"Becky Martin",CA-2014-139892,9.936
BM-11140,"Becky Martin",CA-2014-139892,8159.952
BM-11140,"Becky Martin",CA-2014-139892,275.928
BM-11140,"Becky Martin",CA-2014-139892,1740.06
BM-11140,"Becky Martin",CA-2014-139892,32.064
BM-11140,"Becky Martin",CA-2014-139892,177.98
BM-11140,"Becky Martin",CA-2014-139892,143.976
CS-12130,"Chad Sievert",CA-2014-118962,20.94
CS-12130,"Chad Sievert",CA-2014-118962,110.96
CS-12130,"Chad Sievert",CA-2014-118962,340.144
JB-15400,"Jennifer Braxton",US-2014-100853,52.448
JB-15400,"Jennifer Braxton",US-2014-100853,20.16
SJ-20500,"Shirley Jackson",US-2017-152366,97.264
JE-15745,"Joel Eaton",US-2015-101511,396.802
JE-15745,"Joel Eaton",US-2015-101511,15.88
JK-15640,"Jim Kriz",CA-2015-137225,3.28
DK-13150,"David Kendrick",CA-2014-166191,24.816
DK-13150,"David Kendrick",CA-2014-166191,408.744
RM-19675,"Robert Marley",CA-2014-158274,503.96
RM-19675,"Robert Marley",CA-2014-158274,149.95
RM-19675,"Robert Marley",CA-2014-158274,29
SK-19990,"Sally Knutson",CA-2016-105018,7.16
FM-14290,"Frank Merwin",CA-2014-123260,176.8
AM-10360,"Alice McCarthy",CA-2016-157000,37.224
AM-10360,"Alice McCarthy",CA-2016-157000,20.016
MP-17470,"Mark Packer",CA-2015-102281,899.136
MP-17470,"Mark Packer",CA-2015-102281,71.76
MP-17470,"Mark Packer",CA-2015-102281,51.84
MP-17470,"Mark Packer",CA-2015-102281,626.352
MP-17470,"Mark Packer",CA-2015-102281,19.9
MZ-17515,"Mary Zewe",CA-2015-131457,14.28
CB-12025,"Cassandra Brandow",CA-2014-140004,7.408
CB-12025,"Cassandra Brandow",CA-2014-140004,6.048
VM-21685,"Valerie Mitchum",CA-2017-107720,46.26
FH-14365,"Fred Hopkins",US-2017-124303,16.056
MB-17305,"Maria Bertelson",CA-2017-105074,21.744
BS-11755,"Bruce Stewart",CA-2014-133690,218.75
BS-11755,"Bruce Stewart",CA-2014-133690,2.6
LC-17140,"Logan Currie",US-2017-116701,66.284
HK-14890,"Heather Kirkland",CA-2017-126382,35.168
LE-16810,"Laurel Elliston",CA-2017-108329,444.768
JH-15985,"Joseph Holt",CA-2017-135860,83.92
JH-15985,"Joseph Holt",CA-2017-135860,131.98
JH-15985,"Joseph Holt",CA-2017-135860,15.92
JH-15985,"Joseph Holt",CA-2017-135860,52.29
JH-15985,"Joseph Holt",CA-2017-135860,91.99
MS-17980,"Michael Stewart",CA-2015-101007,20.8
VW-21775,"Victoria Wilson",CA-2015-146262,23.68
VW-21775,"Victoria Wilson",CA-2015-146262,452.45
VW-21775,"Victoria Wilson",CA-2015-146262,62.982
VW-21775,"Victoria Wilson",CA-2015-146262,1188
VW-21775,"Victoria Wilson",CA-2015-146262,89.584
JH-15910,"Jonathan Howell",CA-2016-130162,93.06
JH-15910,"Jonathan Howell",CA-2016-130162,302.376
JB-15925,"Joni Blumstein",CA-2015-169397,5.584
JB-15925,"Joni Blumstein",CA-2015-169397,22.704
JB-15925,"Joni Blumstein",CA-2015-169397,19.776
JB-15925,"Joni Blumstein",CA-2015-169397,72.704
JB-15925,"Joni Blumstein",CA-2015-169397,479.988
JB-15925,"Joni Blumstein",CA-2015-169397,27.168
DS-13180,"David Smith",CA-2015-163055,2.2
DS-13180,"David Smith",CA-2015-163055,622.45
DS-13180,"David Smith",CA-2015-163055,21.98
VD-21670,"Valerie Dominguez",US-2015-145436,161.568
VD-21670,"Valerie Dominguez",US-2015-145436,389.696
EA-14035,"Erin Ashbrook",US-2014-156216,18.648
CS-12400,"Christopher Schild",US-2017-100930,233.86
CS-12400,"Christopher Schild",US-2017-100930,620.6145
CS-12400,"Christopher Schild",US-2017-100930,5.328
CS-12400,"Christopher Schild",US-2017-100930,258.072
CS-12400,"Christopher Schild",US-2017-100930,617.976
DB-13120,"David Bremer",CA-2017-160514,10.56
KL-16645,"Ken Lonsdale",CA-2016-157749,25.92
KL-16645,"Ken Lonsdale",CA-2016-157749,419.68
KL-16645,"Ken Lonsdale",CA-2016-157749,11.688
KL-16645,"Ken Lonsdale",CA-2016-157749,31.984
KL-16645,"Ken Lonsdale",CA-2016-157749,177.225
KL-16645,"Ken Lonsdale",CA-2016-157749,4.044
KL-16645,"Ken Lonsdale",CA-2016-157749,7.408
DW-13480,"Dianna Wilson",CA-2014-131926,2001.86
DW-13480,"Dianna Wilson",CA-2014-131926,166.72
DW-13480,"Dianna Wilson",CA-2014-131926,47.88
DW-13480,"Dianna Wilson",CA-2014-131926,1503.25
DW-13480,"Dianna Wilson",CA-2014-131926,25.92
LH-17155,"Logan Haushalter",CA-2016-154739,321.568
KC-16540,"Kelly Collister",CA-2016-145625,7.61
KC-16540,"Kelly Collister",CA-2016-145625,3347.37
DL-13315,"Delfina Latchford",CA-2016-146941,80.58
DL-13315,"Delfina Latchford",CA-2016-146941,361.92
DR-12880,"Dan Reichenbach",US-2015-159982,12.132
DR-12880,"Dan Reichenbach",US-2015-159982,53.92
DR-12880,"Dan Reichenbach",US-2015-159982,647.904
CC-12670,"Craig Carreira",CA-2017-163139,20.37
CC-12670,"Craig Carreira",CA-2017-163139,221.55
CC-12670,"Craig Carreira",CA-2017-163139,17.52
Dl-13600,"Dorris liebe",US-2017-155299,1.624
SB-20290,"Sean Braxton",US-2014-106992,3059.982
SB-20290,"Sean Braxton",US-2014-106992,2519.958
RC-19825,"Roy Collins",CA-2016-125318,328.224
AH-10210,"Alan Hwang",CA-2015-155040,79.9
CB-12535,"Claudia Bergmann",CA-2017-136826,14.016
PG-18895,"Paul Gonzalez",CA-2016-111010,7.56
CA-12310,"Christine Abelman",US-2017-145366,37.208
CA-12310,"Christine Abelman",US-2017-145366,57.576
KH-16690,"Kristen Hastings",CA-2017-163979,725.84
HA-14920,"Helen Andreada",CA-2015-155334,209.93
HA-14920,"Helen Andreada",CA-2015-155334,5.28
HA-14920,"Helen Andreada",CA-2015-155334,10.92
BB-10990,"Barry Blumstein",CA-2017-118136,5.98
AG-10495,"Andrew Gjertsen",CA-2017-132976,11.648
AG-10495,"Andrew Gjertsen",CA-2017-132976,59.712
AG-10495,"Andrew Gjertsen",CA-2017-132976,24.84
SC-20725,"Steven Cartwright",US-2015-161991,2.08
SC-20725,"Steven Cartwright",US-2015-161991,1114.4
JO-15280,"Jas O'Carroll",CA-2015-130890,1038.84
TB-21520,"Tracy Blumstein",CA-2015-130883,141.76
TB-21520,"Tracy Blumstein",CA-2015-130883,239.8
TB-21520,"Tracy Blumstein",CA-2015-130883,31.104
AH-10195,"Alan Haines",CA-2016-112697,254.058
AH-10195,"Alan Haines",CA-2016-112697,194.528
AH-10195,"Alan Haines",CA-2016-112697,961.48
NZ-18565,"Nick Zandusky",CA-2016-110772,19.096
NZ-18565,"Nick Zandusky",CA-2016-110772,18.496
NZ-18565,"Nick Zandusky",CA-2016-110772,255.984
NZ-18565,"Nick Zandusky",CA-2016-110772,86.97
KL-16555,"Kelly Lampkin",CA-2014-111451,300.416
KL-16555,"Kelly Lampkin",CA-2014-111451,230.352
KL-16555,"Kelly Lampkin",CA-2014-111451,218.352
KL-16555,"Kelly Lampkin",CA-2014-111451,78.6
KL-16555,"Kelly Lampkin",CA-2014-111451,27.552
JD-15895,"Jonathan Doherty",CA-2016-142545,32.4
JD-15895,"Jonathan Doherty",CA-2016-142545,56.91
JD-15895,"Jonathan Doherty",CA-2016-142545,77.6
JD-15895,"Jonathan Doherty",CA-2016-142545,14.28
JH-15910,"Jonathan Howell",US-2017-152380,219.075
AS-10225,"Alan Schoenberger",CA-2015-144253,26.8
KB-16600,"Ken Brennan",CA-2014-130960,9.84
CR-12625,"Corey Roper",CA-2014-111003,45.48
CR-12625,"Corey Roper",CA-2014-111003,289.2
SH-20395,"Shahid Hopkins",CA-2017-126774,4.89
BP-11185,"Ben Peterman",CA-2016-142902,15.136
BP-11185,"Ben Peterman",CA-2016-142902,466.768
BP-11185,"Ben Peterman",CA-2016-142902,15.232
BP-11185,"Ben Peterman",CA-2016-142902,6.264
TS-21205,"Thomas Seio",CA-2014-120887,87.54
AG-10525,"Andy Gerbode",CA-2014-167850,178.384
AG-10525,"Andy Gerbode",CA-2014-167850,15.552
SP-20860,"Sung Pak",CA-2014-164259,99.136
NM-18445,"Nathan Mautz",CA-2014-164973,135.882
NM-18445,"Nathan Mautz",CA-2014-164973,3991.98
NM-18445,"Nathan Mautz",CA-2014-164973,275.94
NM-18445,"Nathan Mautz",CA-2014-164973,360
NM-18445,"Nathan Mautz",CA-2014-164973,43.57
FA-14230,"Frank Atkinson",CA-2014-156601,7.16
GK-14620,"Grace Kelly",CA-2016-162138,251.52
GK-14620,"Grace Kelly",CA-2016-162138,99.99
DJ-13510,"Don Jones",CA-2017-153339,15.992
PO-18850,"Patrick O'Brill",US-2016-141544,290.898
PO-18850,"Patrick O'Brill",US-2016-141544,54.224
PO-18850,"Patrick O'Brill",US-2016-141544,786.744
PO-18850,"Patrick O'Brill",US-2016-141544,100.24
PO-18850,"Patrick O'Brill",US-2016-141544,37.764
JL-15850,"John Lucas",US-2016-150147,82.8
JL-15850,"John Lucas",US-2016-150147,20.724
JL-15850,"John Lucas",US-2016-150147,4.896
DB-13615,"Doug Bickford",CA-2015-137946,4.752
DB-13615,"Doug Bickford",CA-2015-137946,959.984
DB-13615,"Doug Bickford",CA-2015-137946,14.368
AC-10420,"Alyssa Crouse",CA-2014-129924,7.712
AC-10420,"Alyssa Crouse",CA-2014-129924,698.352
JD-15895,"Jonathan Doherty",CA-2014-122336,17.856
JD-15895,"Jonathan Doherty",CA-2014-122336,509.97
JD-15895,"Jonathan Doherty",CA-2014-122336,30.992
CS-12130,"Chad Sievert",US-2015-120712,88.8
CC-12550,"Clay Cheatham",CA-2017-169901,47.976
TD-20995,"Tamara Dahlen",CA-2017-134306,7.56
TD-20995,"Tamara Dahlen",CA-2017-134306,24.56
TD-20995,"Tamara Dahlen",CA-2017-134306,12.96
AB-10060,"Adam Bellavance",CA-2016-129714,6.79
AB-10060,"Adam Bellavance",CA-2016-129714,24.56
AB-10060,"Adam Bellavance",CA-2016-129714,3.048
AB-10060,"Adam Bellavance",CA-2016-129714,49.12
AB-10060,"Adam Bellavance",CA-2016-129714,4355.168
JL-15505,"Jeremy Lonsdale",CA-2016-138520,388.704
JL-15505,"Jeremy Lonsdale",CA-2016-138520,8.26
JL-15505,"Jeremy Lonsdale",CA-2016-138520,17.04
JL-15505,"Jeremy Lonsdale",CA-2016-138520,34.4
HK-14890,"Heather Kirkland",CA-2016-130001,36.24
VB-21745,"Victoria Brennan",CA-2017-155698,647.84
VB-21745,"Victoria Brennan",CA-2017-155698,20.7
KW-16435,"Katrina Willman",CA-2017-144904,20.7
KW-16435,"Katrina Willman",CA-2017-144904,488.646
KW-16435,"Katrina Willman",CA-2017-144904,5.56
KW-16435,"Katrina Willman",CA-2017-144904,47.12
JD-16060,"Julia Dunbar",CA-2014-123344,211.96
MK-17905,"Michael Kennedy",CA-2016-155516,23.2
MK-17905,"Michael Kennedy",CA-2016-155516,7.36
MK-17905,"Michael Kennedy",CA-2016-155516,104.79
MK-17905,"Michael Kennedy",CA-2016-155516,1043.92
GT-14755,"Guy Thornton",CA-2017-104745,25.92
GT-14755,"Guy Thornton",CA-2017-104745,53.424
AG-10900,"Arthur Gainer",US-2014-119137,8.16
AG-10900,"Arthur Gainer",US-2014-119137,1023.936
AG-10900,"Arthur Gainer",US-2014-119137,9.24
AG-10900,"Arthur Gainer",US-2014-119137,479.04
MM-18280,"Muhammed MacIntyre",US-2016-134656,99.136
AR-10405,"Allen Rosenblatt",US-2017-134481,1488.424
RA-19915,"Russell Applegate",CA-2015-130792,8.652
RA-19915,"Russell Applegate",CA-2015-130792,23.832
AS-10285,"Alejandro Savely",CA-2016-134775,50.96
AS-10285,"Alejandro Savely",CA-2016-134775,49.536
LA-16780,"Laura Armstrong",CA-2015-125395,41.9
DO-13435,"Denny Ordway",US-2015-168935,375.4575
DO-13435,"Denny Ordway",US-2015-168935,83.976
DK-13225,"Dean Katz",CA-2015-122756,482.34
DK-13225,"Dean Katz",CA-2015-122756,2.96
NG-18430,"Nathan Gelder",CA-2014-115973,2.624
MV-18190,"Mike Vittorini",CA-2017-101798,23.36
MV-18190,"Mike Vittorini",CA-2017-101798,39.98
JG-15115,"Jack Garza",US-2014-135972,246.384
JG-15115,"Jack Garza",US-2014-135972,1799.97
BP-11095,"Bart Pistole",US-2014-134971,12.462
VP-21730,"Victor Preis",CA-2017-102946,75.792
SS-20140,"Saphhira Shifley",CA-2017-165603,49.96
SS-20140,"Saphhira Shifley",CA-2017-165603,12.96
HP-14815,"Harold Pawlan",CA-2015-122259,70.12
AG-10675,"Anna Gayman",CA-2016-108987,35.952
AG-10675,"Anna Gayman",CA-2016-108987,2396.2656
AG-10675,"Anna Gayman",CA-2016-108987,131.136
AG-10675,"Anna Gayman",CA-2016-108987,57.584
LF-17185,"Luke Foster",CA-2014-113166,9.568
SP-20650,"Stephanie Phelps",CA-2014-155208,39.072
RF-19840,"Roy Französisch",CA-2017-117933,35.91
KH-16510,"Keith Herrera",CA-2017-117457,179.95
KH-16510,"Keith Herrera",CA-2017-117457,1199.976
KH-16510,"Keith Herrera",CA-2017-117457,27.15
KH-16510,"Keith Herrera",CA-2017-117457,1004.024
KH-16510,"Keith Herrera",CA-2017-117457,9.68
KH-16510,"Keith Herrera",CA-2017-117457,28.35
KH-16510,"Keith Herrera",CA-2017-117457,55.98
KH-16510,"Keith Herrera",CA-2017-117457,1336.829
KH-16510,"Keith Herrera",CA-2017-117457,113.568
KC-16675,"Kimberly Carter",CA-2017-142636,139.86
KC-16675,"Kimberly Carter",CA-2017-142636,307.136
CJ-12010,"Caroline Jumper",CA-2017-122105,95.92
PB-19150,"Philip Brown",CA-2016-148796,383.8
VB-21745,"Victoria Brennan",CA-2017-154816,5.78
SP-20860,"Sung Pak",CA-2017-110478,9.32
SP-20860,"Sung Pak",CA-2017-110478,15.25
JE-15745,"Joel Eaton",CA-2014-142048,196.752
MP-17965,"Michael Paige",CA-2017-125388,56.56
MP-17965,"Michael Paige",CA-2017-125388,32.7
NF-18385,"Natalie Fritzler",CA-2017-155705,866.4
JM-15265,"Janet Molinari",CA-2017-149160,28.4
JM-15265,"Janet Molinari",CA-2017-149160,287.92
SD-20485,"Shirley Daniels",CA-2014-101476,69.99
KH-16630,"Ken Heidel",CA-2017-152275,6.672
RB-19795,"Ross Baird",US-2016-123750,189.588
RB-19795,"Ross Baird",US-2016-123750,408.744
RB-19795,"Ross Baird",US-2016-123750,291.96
RB-19795,"Ross Baird",US-2016-123750,4.768
DB-13060,"Dave Brooks",CA-2016-127369,714.3
MK-18160,"Mike Kennedy",US-2014-150574,4.812
MK-18160,"Mike Kennedy",US-2014-150574,247.8
PO-19180,"Philisse Overcash",CA-2016-147375,1007.979
PO-19180,"Philisse Overcash",CA-2016-147375,313.488
BB-11545,"Brenda Bowman",CA-2017-130043,31.872
CV-12805,"Cynthia Voltz",CA-2017-157252,207.846
PK-19075,"Pete Kriz",CA-2016-115756,12.22
PK-19075,"Pete Kriz",CA-2016-115756,194.94
PK-19075,"Pete Kriz",CA-2016-115756,70.95
PK-19075,"Pete Kriz",CA-2016-115756,242.94
PK-19075,"Pete Kriz",CA-2016-115756,22.05
TB-21595,"Troy Blackwell",CA-2017-154214,2.91
RB-19360,"Raymond Buch",CA-2016-166674,59.52
RB-19360,"Raymond Buch",CA-2016-166674,161.94
RB-19360,"Raymond Buch",CA-2016-166674,263.88
RB-19360,"Raymond Buch",CA-2016-166674,30.48
RB-19360,"Raymond Buch",CA-2016-166674,9.84
RB-19360,"Raymond Buch",CA-2016-166674,35.12
EB-13705,"Ed Braxton",CA-2017-147277,284.364
EB-13705,"Ed Braxton",CA-2017-147277,665.408
KH-16630,"Ken Heidel",CA-2016-100153,63.88
SC-20095,"Sanjit Chand",US-2014-110674,129.568
NF-18385,"Natalie Fritzler",US-2016-157945,747.558
NF-18385,"Natalie Fritzler",US-2016-157945,8.928
JH-15985,"Joseph Holt",CA-2015-109638,103.92
JH-15985,"Joseph Holt",CA-2015-109638,899.91
JH-15985,"Joseph Holt",CA-2015-109638,51.312
TN-21040,"Tanja Norvell",CA-2016-109869,23.56
TN-21040,"Tanja Norvell",CA-2016-109869,1272.63
TN-21040,"Tanja Norvell",CA-2016-109869,28.485
TN-21040,"Tanja Norvell",CA-2016-109869,185.376
TN-21040,"Tanja Norvell",CA-2016-109869,78.272
JS-15940,"Joni Sundaresam",US-2015-101399,254.744
DS-13180,"David Smith",CA-2017-154907,205.3328
CC-12670,"Craig Carreira",US-2016-100419,4.788
MH-17785,"Maya Herman",CA-2015-154144,55.48
JP-15520,"Jeremy Pistek",CA-2014-144666,340.92
JP-15520,"Jeremy Pistek",CA-2014-144666,222.666
JP-15520,"Jeremy Pistek",CA-2014-144666,703.968
JP-15520,"Jeremy Pistek",CA-2014-144666,92.52
JP-15520,"Jeremy Pistek",CA-2014-144666,94.85
KH-16690,"Kristen Hastings",CA-2016-103891,95.76
JE-15475,"Jeremy Ellison",CA-2016-152632,40.2
JG-15805,"John Grady",CA-2016-100790,14.7
JG-15805,"John Grady",CA-2016-100790,704.25
XP-21865,"Xylona Preis",CA-2014-134677,9.09
EM-14065,"Erin Mull",CA-2014-127691,5.96
EM-14065,"Erin Mull",CA-2014-127691,159.98
MT-18070,"Michelle Tran",CA-2017-140963,29.6
MT-18070,"Michelle Tran",CA-2017-140963,514.165
MT-18070,"Michelle Tran",CA-2017-140963,279.96
SA-20830,"Sue Ann Reed",CA-2014-154627,2735.952
CW-11905,"Carl Weiss",CA-2014-133753,7.992
CW-11905,"Carl Weiss",CA-2014-133753,63.984
CW-11905,"Carl Weiss",CA-2014-133753,70.368
AJ-10960,"Astrea Jones",CA-2014-113362,449.15
AJ-10960,"Astrea Jones",CA-2014-113362,11.07
SS-20590,"Sonia Sunley",CA-2016-169166,93.98
RO-19780,"Rose O'Brian",US-2016-120929,189.882
MD-17350,"Maribeth Dona",CA-2015-134782,105.42
SC-20095,"Sanjit Chand",CA-2016-126158,119.616
SC-20095,"Sanjit Chand",CA-2016-126158,255.76
SC-20095,"Sanjit Chand",CA-2016-126158,241.568
SC-20095,"Sanjit Chand",CA-2016-126158,69.3
MY-17380,"Maribeth Yedwab",US-2016-105578,22.62
MY-17380,"Maribeth Yedwab",US-2016-105578,14.952
MY-17380,"Maribeth Yedwab",US-2016-105578,801.568
MY-17380,"Maribeth Yedwab",US-2016-105578,2.376
MY-17380,"Maribeth Yedwab",US-2016-105578,32.792
EB-13705,"Ed Braxton",CA-2017-134978,15.92
CM-12385,"Christopher Martinez",CA-2015-145352,2.74
CM-12385,"Christopher Martinez",CA-2015-145352,8.34
CM-12385,"Christopher Martinez",CA-2015-145352,46.74
CM-12385,"Christopher Martinez",CA-2015-145352,6354.95
LS-17245,"Lynn Smith",CA-2017-135307,126.3
LS-17245,"Lynn Smith",CA-2017-135307,38.04
LF-17185,"Luke Foster",CA-2016-106341,7.152
BN-11515,"Bradley Nguyen",CA-2017-163405,6.63
BN-11515,"Bradley Nguyen",CA-2017-163405,5.88
AD-10180,"Alan Dominguez",CA-2017-127432,2999.95
AD-10180,"Alan Dominguez",CA-2017-127432,51.45
AD-10180,"Alan Dominguez",CA-2017-127432,11.96
AD-10180,"Alan Dominguez",CA-2017-127432,1126.02
DB-13210,"Dean Braden",CA-2015-157812,18.392
DB-13210,"Dean Braden",CA-2015-157812,129.568
DB-13210,"Dean Braden",CA-2015-157812,14.112
MC-17605,"Matt Connell",CA-2017-145142,210.98
LH-17155,"Logan Haushalter",US-2016-139486,55.176
LH-17155,"Logan Haushalter",US-2016-139486,66.26
BD-11605,"Brian Dahlen",CA-2015-158792,22.2
PH-18790,"Patricia Hirasaki",CA-2017-113558,683.952
PH-18790,"Patricia Hirasaki",CA-2017-113558,45.696
MG-18145,"Mike Gockenbach",US-2015-138303,36.336
MG-18145,"Mike Gockenbach",US-2015-138303,666.248
MG-18145,"Mike Gockenbach",US-2015-138303,52.512
KB-16240,"Karen Bern",CA-2015-102848,190.72
JC-15340,"Jasper Cacioppo",US-2017-129441,47.94
RL-19615,"Rob Lucas",CA-2016-168753,979.95
RL-19615,"Rob Lucas",CA-2016-168753,22.75
AA-10375,"Allen Armold",CA-2016-126613,16.768
EP-13915,"Emily Phan",US-2017-122637,42.616
MP-17470,"Mark Packer",CA-2015-147851,10.752
DK-12985,"Darren Koutras",CA-2015-134894,152.94
DK-12985,"Darren Koutras",CA-2015-134894,283.92
BD-11500,"Bradley Drucker",CA-2014-140795,468.9
ES-14080,"Erin Smith",CA-2016-136924,380.864
LM-17065,"Liz MacKendrick",US-2015-120161,646.776
PG-18895,"Paul Gonzalez",CA-2014-103849,58.112
PG-18895,"Paul Gonzalez",CA-2014-103849,100.792
PG-18895,"Paul Gonzalez",CA-2014-103849,66.112
AS-10135,"Adrian Shami",CA-2017-162929,41.28
AS-10135,"Adrian Shami",CA-2017-162929,13.36
DK-13225,"Dean Katz",CA-2015-113173,250.272
DK-13225,"Dean Katz",CA-2015-113173,11.364
DK-13225,"Dean Katz",CA-2015-113173,8.72
BD-11320,"Bill Donatelli",CA-2016-136406,1121.568
RC-19960,"Ryan Crowe",CA-2017-112774,34.504
GT-14710,"Greg Tran",CA-2017-101945,10.824
DK-13225,"Dean Katz",CA-2017-100650,1295.78
AJ-10945,"Ashley Jarboe",CA-2014-155852,19.456
OT-18730,"Olvera Toch",CA-2016-113243,20.7
OT-18730,"Olvera Toch",CA-2016-113243,1335.68
OT-18730,"Olvera Toch",CA-2016-113243,32.4
LP-17080,"Liz Pelletier",CA-2017-118731,42.6
LP-17080,"Liz Pelletier",CA-2017-118731,84.056
CA-12775,"Cynthia Arntzen",CA-2014-145576,13
CA-12775,"Cynthia Arntzen",CA-2014-145576,13.128
JF-15490,"Jeremy Farry",CA-2015-130736,3.96
JF-15490,"Jeremy Farry",CA-2015-130736,2.61
FP-14320,"Frank Preis",CA-2017-137099,374.376
EB-13840,"Ellis Ballard",CA-2017-156951,91.84
EB-13840,"Ellis Ballard",CA-2017-156951,81.088
EB-13840,"Ellis Ballard",CA-2017-156951,19.44
EB-13840,"Ellis Ballard",CA-2017-156951,451.152
JF-15415,"Jennifer Ferguson",CA-2017-164826,72.45
JF-15415,"Jennifer Ferguson",CA-2017-164826,13.96
JF-15415,"Jennifer Ferguson",CA-2017-164826,33.264
JF-15415,"Jennifer Ferguson",CA-2017-164826,14.85
SF-20200,"Sarah Foster",CA-2016-127250,8.82
TG-21640,"Trudy Glocke",CA-2015-149713,160.72
TG-21640,"Trudy Glocke",CA-2015-149713,19.92
TG-21640,"Trudy Glocke",CA-2015-149713,7.3
CS-11950,"Carlos Soltero",CA-2017-118640,69.712
CC-12145,"Charles Crestani",CA-2015-132906,51.52
DV-13465,"Dianna Vittorini",CA-2017-145233,470.376
DV-13465,"Dianna Vittorini",CA-2017-145233,105.584
DV-13465,"Dianna Vittorini",CA-2017-145233,31.152
DV-13465,"Dianna Vittorini",CA-2017-145233,6.783
DV-13465,"Dianna Vittorini",CA-2017-145233,406.368
BD-11725,"Bruce Degenhardt",CA-2015-128139,70.98
BD-11725,"Bruce Degenhardt",CA-2015-128139,294.93
ZC-21910,"Zuschuss Carroll",US-2016-156986,84.784
ZC-21910,"Zuschuss Carroll",US-2016-156986,20.736
ZC-21910,"Zuschuss Carroll",US-2016-156986,16.821
ZC-21910,"Zuschuss Carroll",US-2016-156986,10.368
MS-17830,"Melanie Seite",CA-2014-135405,9.344
MS-17830,"Melanie Seite",CA-2014-135405,31.2
LR-16915,"Lena Radford",CA-2014-131450,76.12
LR-16915,"Lena Radford",CA-2014-131450,1199.976
LR-16915,"Lena Radford",CA-2014-131450,445.96
LR-16915,"Lena Radford",CA-2014-131450,327.76
TP-21130,"Theone Pippenger",CA-2016-120180,11.632
CK-12205,"Chloris Kastensmidt",US-2016-100720,143.982
CK-12205,"Chloris Kastensmidt",US-2016-100720,494.376
CK-12205,"Chloris Kastensmidt",US-2016-100720,5.84
AS-10240,"Alan Shonely",CA-2014-149958,142.776
AS-10240,"Alan Shonely",CA-2014-149958,45.696
AS-10240,"Alan Shonely",CA-2014-149958,7.218
AS-10240,"Alan Shonely",CA-2014-149958,43.188
AS-10240,"Alan Shonely",CA-2014-149958,131.904
AR-10510,"Andrew Roberts",US-2014-105767,3.282
AR-10510,"Andrew Roberts",US-2014-105767,21.168
AR-10510,"Andrew Roberts",US-2014-105767,55.188
NB-18655,"Nona Balk",CA-2016-161816,369.576
NB-18655,"Nona Balk",CA-2016-161816,15.712
GD-14590,"Giulietta Dortch",CA-2016-121223,8.448
GD-14590,"Giulietta Dortch",CA-2016-121223,728.946
CK-12595,"Clytie Kelty",CA-2017-138611,119.94
CK-12595,"Clytie Kelty",CA-2017-138611,3.648
NG-18355,"Nat Gilpin",CA-2017-117947,40.48
NG-18355,"Nat Gilpin",CA-2017-117947,9.94
NG-18355,"Nat Gilpin",CA-2017-117947,107.424
NG-18355,"Nat Gilpin",CA-2017-117947,37.91
NG-18355,"Nat Gilpin",CA-2017-117947,88.02
CA-12265,"Christina Anderson",US-2014-111171,8.69
SF-20965,"Sylvia Foulston",CA-2015-138009,301.96
SF-20965,"Sylvia Foulston",CA-2015-138009,555.21
SF-20965,"Sylvia Foulston",CA-2015-138009,523.48
SF-20965,"Sylvia Foulston",CA-2015-138009,161.82
MO-17800,"Meg O'Connel",CA-2017-163020,35.56
AT-10735,"Annie Thurman",CA-2017-153787,97.16
FM-14380,"Fred McMath",US-2016-135720,243.384
FM-14380,"Fred McMath",US-2016-135720,119.8
FM-14380,"Fred McMath",US-2016-135720,300.768
BD-11605,"Brian Dahlen",CA-2017-144694,17.88
BD-11605,"Brian Dahlen",CA-2017-144694,235.944
DJ-13420,"Denny Joy",CA-2015-168004,392.94
ME-17725,"Max Engle",US-2016-123470,18.882
ME-17725,"Max Engle",US-2016-123470,122.328
RB-19465,"Rick Bensley",CA-2016-115917,1049.2
RB-19465,"Rick Bensley",CA-2016-115917,15.424
JD-16150,"Justin Deggeller",CA-2016-147067,18.84
JL-15835,"John Lee",CA-2017-167913,330.4
JL-15835,"John Lee",CA-2017-167913,26.25
SC-20305,"Sean Christensen",CA-2017-106103,132.52
TW-21025,"Tamara Willingham",US-2017-127719,6.48
CC-12430,"Chuck Clark",CA-2017-126221,209.3
BB-10990,"Barry Blumstein",CA-2016-103947,31.56
BB-10990,"Barry Blumstein",CA-2016-103947,30.144
AR-10825,"Anthony Rawles",CA-2016-160745,14.8
AR-10825,"Anthony Rawles",CA-2016-160745,302.376
AR-10825,"Anthony Rawles",CA-2016-160745,316
SR-20740,"Steven Roelle",CA-2016-132661,379.4
AR-10405,"Allen Rosenblatt",CA-2017-140844,97.82
AR-10405,"Allen Rosenblatt",CA-2017-140844,103.12
CR-12730,"Craig Reiter",CA-2016-137239,113.552
CR-12730,"Craig Reiter",CA-2016-137239,3.318
CR-12730,"Craig Reiter",CA-2016-137239,134.288
EH-14125,"Eugene Hildebrand",US-2016-156097,701.372
EH-14125,"Eugene Hildebrand",US-2016-156097,2.308
CB-12025,"Cassandra Brandow",CA-2015-146563,999.432
CB-12025,"Cassandra Brandow",CA-2015-146563,724.08
CB-12025,"Cassandra Brandow",CA-2015-146563,918.785
CB-12025,"Cassandra Brandow",CA-2015-146563,2.724
SP-20545,"Sibella Parks",CA-2016-123666,459.95
RC-19825,"Roy Collins",CA-2016-143308,10.74
TH-21235,"Tiffany House",CA-2017-132682,23.76
TH-21235,"Tiffany House",CA-2017-132682,85.056
TH-21235,"Tiffany House",CA-2017-132682,381.576
RP-19390,"Resi Pölking",CA-2014-156314,30.36
MO-17800,"Meg O'Connel",US-2017-106663,23.976
MO-17800,"Meg O'Connel",US-2017-106663,108.925
TD-20995,"Tamara Dahlen",CA-2017-111178,19.56
RB-19570,"Rob Beeghly",CA-2017-130351,61.44
RB-19570,"Rob Beeghly",CA-2017-130351,38.9
RB-19570,"Rob Beeghly",CA-2017-130351,99.39
CD-11980,"Carol Darley",US-2017-119438,2.688
CD-11980,"Carol Darley",US-2017-119438,27.816
CD-11980,"Carol Darley",US-2017-119438,82.524
CD-11980,"Carol Darley",US-2017-119438,182.994
DJ-13630,"Doug Jacobs",CA-2016-164511,14.352
DJ-13630,"Doug Jacobs",CA-2016-164511,64.96
DJ-13630,"Doug Jacobs",CA-2016-164511,68.6
GT-14635,"Grant Thornton",US-2017-168116,7999.98
GT-14635,"Grant Thornton",US-2017-168116,167.44
MC-17845,"Michael Chen",CA-2014-157784,479.97
MC-17845,"Michael Chen",CA-2014-157784,14.62
MC-17845,"Michael Chen",CA-2014-157784,19.44
RA-19285,"Ralph Arnett",CA-2017-161480,191.984
NP-18325,"Naresj Patel",US-2014-117135,104.01
NP-18325,"Naresj Patel",US-2014-117135,284.82
NP-18325,"Naresj Patel",US-2014-117135,36.84
AB-10165,"Alan Barnes",CA-2015-131534,166.24
AB-10165,"Alan Barnes",CA-2015-131534,33.4
JO-15550,"Jesus Ocampo",CA-2015-119291,198.272
JO-15550,"Jesus Ocampo",CA-2015-119291,47.36
JO-15550,"Jesus Ocampo",CA-2015-119291,200.984
JO-15550,"Jesus Ocampo",CA-2015-119291,97.696
JO-15550,"Jesus Ocampo",CA-2015-119291,2.696
JO-15550,"Jesus Ocampo",CA-2015-119291,18.588
JO-15550,"Jesus Ocampo",CA-2015-119291,4.896
Dl-13600,"Dorris liebe",CA-2017-114552,15.072
AS-10285,"Alejandro Savely",CA-2016-163755,209.88
JK-15370,"Jay Kimmel",CA-2015-142027,369.912
BN-11470,"Brad Norvell",CA-2014-138527,10.368
BN-11470,"Brad Norvell",CA-2014-138527,166.84
BN-11470,"Brad Norvell",CA-2014-138527,15.216
DP-13165,"David Philippe",CA-2014-112158,119.96
DP-13165,"David Philippe",CA-2014-112158,883.92
DP-13165,"David Philippe",CA-2014-112158,46.72
TH-21550,"Tracy Hopkins",CA-2014-113887,55.48
AP-10915,"Arthur Prichep",CA-2017-146136,24.448
RS-19765,"Roland Schwarz",US-2017-100048,281.34
RS-19765,"Roland Schwarz",US-2017-100048,307.98
RS-19765,"Roland Schwarz",US-2017-100048,299.97
Dl-13600,"Dorris liebe",CA-2014-153150,19.92
SV-20365,"Seth Vernon",CA-2014-130092,9.94
KC-16540,"Kelly Collister",CA-2017-108910,103.056
CK-12325,"Christine Kargatis",CA-2014-104472,59.808
CK-12325,"Christine Kargatis",CA-2014-104472,73.32
RD-19810,"Ross DeVincentis",CA-2016-112942,146.82
MP-17965,"Michael Paige",CA-2016-142335,1652.94
MP-17965,"Michael Paige",CA-2016-142335,296.37
MR-17545,"Mathew Reese",CA-2014-117429,129.92
SC-20695,"Steve Chapman",CA-2016-114713,45.584
JF-15355,"Jay Fein",CA-2017-144113,17.568
JF-15355,"Jay Fein",CA-2017-144113,55.992
EG-13900,"Emily Grady",US-2016-150861,182.72
EG-13900,"Emily Grady",US-2016-150861,400.032
EG-13900,"Emily Grady",US-2016-150861,33.63
EG-13900,"Emily Grady",US-2016-150861,542.646
EG-13900,"Emily Grady",US-2016-150861,6.3
DS-13030,"Darrin Sayre",CA-2017-131954,242.94
DS-13030,"Darrin Sayre",CA-2017-131954,179.97
DS-13030,"Darrin Sayre",CA-2017-131954,99.696
DS-13030,"Darrin Sayre",CA-2017-131954,27.936
DS-13030,"Darrin Sayre",CA-2017-131954,84.98
DS-13030,"Darrin Sayre",CA-2017-131954,18.72
GZ-14470,"Gary Zandusky",CA-2014-132500,49.98
PO-19195,"Phillina Ober",CA-2014-112326,11.784
PO-19195,"Phillina Ober",CA-2014-112326,272.736
PO-19195,"Phillina Ober",CA-2014-112326,3.54
SS-20875,"Sung Shariari",US-2016-146710,51.52
SS-20875,"Sung Shariari",US-2016-146710,4.624
MH-17785,"Maya Herman",CA-2014-124429,567.12
MH-17785,"Maya Herman",CA-2014-124429,359.32
PB-19105,"Peter Bühler",CA-2016-150889,11.992
RF-19735,"Roland Fjeld",CA-2017-126074,58.05
RF-19735,"Roland Fjeld",CA-2017-126074,157.74
RF-19735,"Roland Fjeld",CA-2017-126074,56.98
RF-19735,"Roland Fjeld",CA-2017-126074,2.88
YC-21895,"Yoseph Carroll",CA-2016-110499,1199.976
MS-17830,"Melanie Seite",CA-2015-135272,79.92
NB-18655,"Nona Balk",CA-2016-140928,383.438
DC-13285,"Debra Catini",CA-2014-106803,24.56
DC-13285,"Debra Catini",CA-2014-106803,119.8
CP-12340,"Christine Phan",CA-2017-117240,13.128
AR-10510,"Andrew Roberts",CA-2015-112319,58.32
JC-16105,"Julie Creighton",CA-2017-126046,12.39
LH-17020,"Lisa Hazard",CA-2015-114923,107.982
CS-12250,"Chris Selesnick",CA-2014-162775,11.36
CS-12250,"Chris Selesnick",CA-2014-162775,50.94
CS-12250,"Chris Selesnick",CA-2014-162775,646.74
CS-12250,"Chris Selesnick",CA-2014-162775,5.64
CS-12250,"Chris Selesnick",CA-2014-162775,572.58
AJ-10795,"Anthony Johnson",CA-2014-106810,310.88
LE-16810,"Laurel Elliston",CA-2016-157245,641.96
BV-11245,"Benjamin Venier",CA-2017-104220,18.28
BV-11245,"Benjamin Venier",CA-2017-104220,207
BV-11245,"Benjamin Venier",CA-2017-104220,32.35
BV-11245,"Benjamin Venier",CA-2017-104220,7.71
BV-11245,"Benjamin Venier",CA-2017-104220,40.3
BV-11245,"Benjamin Venier",CA-2017-104220,34.58
DL-12865,"Dan Lawera",CA-2014-165974,32.76
NZ-18565,"Nick Zandusky",CA-2015-144267,544.008
NZ-18565,"Nick Zandusky",CA-2015-144267,59.94
NZ-18565,"Nick Zandusky",CA-2015-144267,23.92
NZ-18565,"Nick Zandusky",CA-2015-144267,4.28
BM-11785,"Bryan Mills",US-2015-157014,32.07
BM-11785,"Bryan Mills",US-2015-157014,24
BM-11785,"Bryan Mills",US-2015-157014,35.49
BM-11785,"Bryan Mills",US-2015-157014,47.984
EA-14035,"Erin Ashbrook",CA-2015-154921,186.69
CL-12565,"Clay Ludtke",CA-2017-129567,17.456
LT-17110,"Liz Thompson",CA-2015-154620,348.928
SA-20830,"Sue Ann Reed",CA-2015-115938,143.96
SA-20830,"Sue Ann Reed",CA-2015-115938,15.42
SA-20830,"Sue Ann Reed",CA-2015-115938,43.04
SA-20830,"Sue Ann Reed",CA-2015-115938,332.94
JK-15730,"Joe Kamberova",CA-2016-105256,1363.96
ES-14020,"Erica Smith",CA-2014-156433,9.96
ES-14020,"Erica Smith",CA-2014-156433,21.72
RH-19495,"Rick Hansen",CA-2017-151428,20.16
DB-13120,"David Bremer",CA-2015-124653,132.79
DB-13120,"David Bremer",CA-2015-124653,12.96
DB-13120,"David Bremer",CA-2015-124653,21.56
CD-11920,"Carlos Daly",CA-2015-101910,283.92
HW-14935,"Helen Wasserman",CA-2017-105809,22.23
HW-14935,"Helen Wasserman",CA-2017-105809,215.968
HW-14935,"Helen Wasserman",CA-2016-136133,355.32
MC-18130,"Mike Caudle",CA-2016-115504,12.96
GM-14440,"Gary McGarr",CA-2017-135783,18.28
RA-19915,"Russell Applegate",CA-2014-134313,43.176
RA-19915,"Russell Applegate",CA-2014-134313,1983.968
AA-10375,"Allen Armold",CA-2015-140921,28.4
AA-10375,"Allen Armold",CA-2015-140921,149.97
ZC-21910,"Zuschuss Carroll",CA-2014-151995,11.52
ZC-21910,"Zuschuss Carroll",CA-2014-151995,1298.55
ZC-21910,"Zuschuss Carroll",CA-2014-151995,213.92
ZC-21910,"Zuschuss Carroll",CA-2014-151995,25.78
PJ-19015,"Pauline Johnson",CA-2017-143686,18.28
PJ-19015,"Pauline Johnson",CA-2017-143686,1399.93
BW-11110,"Bart Watters",CA-2015-106565,51.84
DB-13210,"Dean Braden",CA-2016-149370,5.344
CA-12775,"Cynthia Arntzen",CA-2014-140858,41.472
CA-12775,"Cynthia Arntzen",CA-2014-140858,3.168
CA-12775,"Cynthia Arntzen",CA-2014-140858,1228.465
CA-12775,"Cynthia Arntzen",CA-2014-140858,31.086
CA-12775,"Cynthia Arntzen",CA-2014-140858,335.52
TR-21325,"Toby Ritter",CA-2017-101434,239.97
TR-21325,"Toby Ritter",CA-2017-101434,9.82
PG-18820,"Patrick Gardner",US-2014-102071,67.8
PG-18820,"Patrick Gardner",US-2014-102071,167.97
GT-14710,"Greg Tran",CA-2017-126956,35
GT-14710,"Greg Tran",CA-2017-126956,37.24
GT-14710,"Greg Tran",CA-2017-126956,15.28
JE-15745,"Joel Eaton",CA-2017-129462,301.96
JE-15745,"Joel Eaton",CA-2017-129462,180.66
JE-15745,"Joel Eaton",CA-2017-129462,191.98
JE-15745,"Joel Eaton",CA-2017-129462,65.99
JB-15400,"Jennifer Braxton",CA-2016-165316,35.216
JB-15400,"Jennifer Braxton",CA-2016-165316,23.696
JB-15400,"Jennifer Braxton",CA-2016-165316,265.475
LH-17020,"Lisa Hazard",US-2014-115987,51.184
JL-15175,"James Lanier",US-2017-156083,9.664
EB-13705,"Ed Braxton",US-2016-137547,21.072
BM-11650,"Brian Moss",CA-2015-100454,60.45
BM-11650,"Brian Moss",CA-2015-100454,11.52
BM-11650,"Brian Moss",CA-2015-100454,186.048
EM-14095,"Eudokia Martin",CA-2016-161669,37.44
EM-14095,"Eudokia Martin",CA-2016-161669,26.976
EM-14095,"Eudokia Martin",CA-2016-161669,11.36
EM-14095,"Eudokia Martin",CA-2016-161669,14.62
AF-10885,"Art Foster",CA-2015-114300,83.72
AF-10885,"Art Foster",CA-2015-114300,287.94
CK-12760,"Cyma Kinney",CA-2014-107755,115.36
DP-13105,"Dave Poirier",CA-2016-152534,5.16
DP-13105,"Dave Poirier",CA-2016-152534,38.88
VD-21670,"Valerie Dominguez",CA-2016-113747,185.88
GT-14710,"Greg Tran",CA-2016-123274,44.46
GT-14710,"Greg Tran",CA-2016-123274,242.94
BK-11260,"Berenike Kampe",CA-2014-125612,39.96
BK-11260,"Berenike Kampe",CA-2014-125612,102.3
BK-11260,"Berenike Kampe",CA-2014-125612,21.36
SJ-20125,"Sanjit Jacobs",CA-2017-161984,7.61
SJ-20125,"Sanjit Jacobs",CA-2017-161984,7.16
CM-12445,"Chuck Magee",CA-2014-133851,7.36
CM-12445,"Chuck Magee",CA-2014-133851,23.1
AJ-10795,"Anthony Johnson",CA-2016-134474,191.472
AJ-10795,"Anthony Johnson",CA-2016-134474,5.248
AJ-10795,"Anthony Johnson",CA-2016-134474,59.184
AJ-10780,"Anthony Jacobs",CA-2014-149020,2.89
AJ-10780,"Anthony Jacobs",CA-2014-149020,51.94
LS-16945,"Linda Southworth",CA-2016-134362,15.936
GP-14740,"Guy Phonely",CA-2014-136742,44.91
PK-18910,"Paul Knutson",CA-2016-158099,1141.47
PK-18910,"Paul Knutson",CA-2016-158099,280.782
TB-21520,"Tracy Blumstein",CA-2015-131128,34.44
SM-20005,"Sally Matthias",CA-2014-148488,106.344
GA-14725,"Guy Armstrong",CA-2017-114636,192.16
CC-12430,"Chuck Clark",CA-2016-116736,322.59
CC-12430,"Chuck Clark",CA-2016-116736,29.99
CC-12430,"Chuck Clark",CA-2016-116736,371.97
HP-14815,"Harold Pawlan",CA-2017-111689,68.472
HP-14815,"Harold Pawlan",CA-2017-111689,1242.9
DK-13090,"Dave Kipp",CA-2015-129098,30.84
GZ-14470,"Gary Zandusky",US-2017-123463,13.48
PM-19135,"Peter McVee",CA-2016-165148,31.4
LL-16840,"Lauren Leatherbury",CA-2014-134061,17.46
JS-15595,"Jill Stevenson",CA-2015-143602,13.944
OT-18730,"Olvera Toch",CA-2017-115364,83.76
EL-13735,"Ed Ludwig",CA-2017-150707,37.66
CK-12760,"Cyma Kinney",CA-2014-104976,34.68
JE-15475,"Jeremy Ellison",CA-2017-132934,149.95
JE-15475,"Jeremy Ellison",CA-2017-132934,51.312
TH-21550,"Tracy Hopkins",CA-2017-133256,15.92
TH-21550,"Tracy Hopkins",CA-2017-133256,543.92
PC-18745,"Pamela Coakley",CA-2016-105494,155.82
PC-18745,"Pamela Coakley",CA-2016-105494,70.008
HL-15040,"Hunter Lopez",CA-2016-140634,15.648
MS-17365,"Maribeth Schnelling",CA-2014-144407,103.6
GB-14530,"George Bell",CA-2017-160983,46.96
JR-16210,"Justin Ritter",US-2016-114622,8.904
TD-20995,"Tamara Dahlen",CA-2017-150959,10.44
TD-20995,"Tamara Dahlen",CA-2017-150959,18.336
DB-13060,"Dave Brooks",CA-2017-132353,323.976
LC-17140,"Logan Currie",CA-2016-130477,20.04
LC-17140,"Logan Currie",CA-2016-130477,64.96
LC-17140,"Logan Currie",CA-2016-130477,12.96
PO-18865,"Patrick O'Donnell",CA-2017-143259,323.136
PO-18865,"Patrick O'Donnell",CA-2017-143259,90.93
PO-18865,"Patrick O'Donnell",CA-2017-143259,52.776
BE-11335,"Bill Eplett",CA-2017-137596,1199.8
BE-11335,"Bill Eplett",CA-2017-137596,1928.78
BE-11335,"Bill Eplett",CA-2017-137596,352.38
SC-20050,"Sample Company A",CA-2015-133627,22.2
BM-11650,"Brian Moss",CA-2017-102519,46.94
BM-11650,"Brian Moss",CA-2017-102519,143.73
KL-16555,"Kelly Lampkin",US-2014-141215,99.918
KL-16555,"Kelly Lampkin",US-2014-141215,797.944
KL-16555,"Kelly Lampkin",US-2014-141215,8.568
RW-19630,"Rob Williams",CA-2016-165218,149.352
RW-19630,"Rob Williams",CA-2016-165218,12.992
RC-19825,"Roy Collins",CA-2014-138296,24.56
SE-20110,"Sanjit Engle",CA-2015-111164,85.14
SE-20110,"Sanjit Engle",CA-2015-111164,21.99
SE-20110,"Sanjit Engle",CA-2015-111164,406.6
AH-10075,"Adam Hart",CA-2016-149797,841.568
JM-15535,"Jessica Myrick",CA-2014-132962,15.552
JM-15535,"Jessica Myrick",CA-2014-132962,252
JJ-15760,"Joel Jenkins",CA-2015-115091,46.2
JJ-15760,"Joel Jenkins",CA-2015-115091,28.84
AB-10165,"Alan Barnes",CA-2017-144932,14.592
AB-10165,"Alan Barnes",CA-2017-144932,89.856
AB-10165,"Alan Barnes",CA-2017-144932,13.872
CG-12040,"Catherine Glotzbach",CA-2016-140081,29.718
CG-12040,"Catherine Glotzbach",CA-2016-140081,15.552
CG-12040,"Catherine Glotzbach",CA-2016-140081,447.696
RA-19885,"Ruben Ausman",US-2017-111745,159.99
RP-19270,"Rachel Payne",CA-2015-148250,12.96
RP-19270,"Rachel Payne",CA-2015-148250,134.48
RW-19630,"Rob Williams",CA-2016-142958,1114.272
JL-15850,"John Lucas",CA-2015-120880,32.4
JL-15850,"John Lucas",CA-2015-120880,540.57
JL-15850,"John Lucas",CA-2015-120880,167.76
CA-12775,"Cynthia Arntzen",US-2015-140200,393.165
RB-19795,"Ross Baird",US-2017-110576,516.488
RB-19795,"Ross Baird",US-2017-110576,1007.232
RB-19795,"Ross Baird",US-2017-110576,2065.32
RB-19795,"Ross Baird",US-2017-110576,15.552
RB-19795,"Ross Baird",US-2017-110576,25.344
KH-16360,"Katherine Hughes",CA-2017-131156,25.472
GH-14665,"Greg Hansen",CA-2017-136539,27.168
GH-14665,"Greg Hansen",CA-2017-136539,78.8528
SW-20275,"Scott Williamson",CA-2017-119305,173.8
JA-15970,"Joseph Airdo",CA-2017-102414,29.592
JA-15970,"Joseph Airdo",CA-2017-102414,4.752
DL-12925,"Daniel Lacy",CA-2015-112571,204.6
LW-16990,"Lindsay Williams",CA-2017-152142,321.568
TB-21190,"Thomas Brumley",CA-2015-160059,6.24
CV-12805,"Cynthia Voltz",CA-2016-120859,21.88
MS-17365,"Maribeth Schnelling",CA-2014-127488,4.608
BS-11800,"Bryan Spruell",CA-2017-135279,9.82
BS-11800,"Bryan Spruell",CA-2017-135279,35.97
BS-11800,"Bryan Spruell",CA-2017-135279,12.96
BS-11800,"Bryan Spruell",CA-2017-135279,191.6
BS-11800,"Bryan Spruell",CA-2017-135279,8.64
BS-11800,"Bryan Spruell",CA-2017-135279,501.81
DL-13315,"Delfina Latchford",CA-2014-115791,127.104
DL-13315,"Delfina Latchford",CA-2014-115791,124.2
DL-13315,"Delfina Latchford",CA-2014-115791,18.588
DL-13315,"Delfina Latchford",CA-2014-115791,30.072
PO-19195,"Phillina Ober",US-2017-103247,160.93
PO-19195,"Phillina Ober",US-2017-103247,75.792
TD-20995,"Tamara Dahlen",US-2017-100209,1.08
BW-11110,"Bart Watters",CA-2017-159366,3059.982
RW-19690,"Robert Waldorf",CA-2016-145499,3.282
KB-16600,"Ken Brennan",CA-2015-157035,34.02
EB-13870,"Emily Burns",CA-2016-144939,599.292
TZ-21580,"Tracy Zic",CA-2014-163419,3.392
TZ-21580,"Tracy Zic",CA-2014-163419,559.984
TZ-21580,"Tracy Zic",CA-2014-163419,603.92
AS-10630,"Ann Steele",CA-2017-100314,7.968
AS-10630,"Ann Steele",CA-2017-100314,27.968
AS-10630,"Ann Steele",CA-2017-100314,336.51
TS-21340,"Toby Swindell",CA-2015-146829,1.112
JG-15805,"John Grady",CA-2017-167899,520.05
JG-15805,"John Grady",CA-2017-167899,17.97
SL-20155,"Sara Luxemburg",CA-2015-153549,1166.92
TS-21610,"Troy Staebel",CA-2016-110023,14.624
RF-19735,"Roland Fjeld",CA-2016-105585,10.23
RF-19735,"Roland Fjeld",CA-2016-105585,154.9
MW-18235,"Mitch Willingham",CA-2014-117639,2715.93
MW-18235,"Mitch Willingham",CA-2014-117639,617.97
RD-19585,"Rob Dowd",CA-2015-162537,10.67
RD-19585,"Rob Dowd",CA-2015-162537,36.63
RD-19585,"Rob Dowd",CA-2015-162537,24.1
RD-19585,"Rob Dowd",CA-2015-162537,33.11
FM-14290,"Frank Merwin",CA-2016-155488,44.02
RH-19495,"Rick Hansen",CA-2015-124891,2309.65
RH-19495,"Rick Hansen",CA-2015-124891,1090.782
RH-19495,"Rick Hansen",CA-2015-124891,19.44
RA-19945,"Ryan Akin",CA-2015-126445,484.65
JK-15730,"Joe Kamberova",CA-2015-111199,115.296
MT-17815,"Meg Tillman",CA-2015-105312,7.08
MT-17815,"Meg Tillman",CA-2015-105312,4.401
AT-10735,"Annie Thurman",CA-2017-135034,95.984
PF-19165,"Philip Fox",CA-2017-118437,155.25
PF-19165,"Philip Fox",CA-2017-118437,14.03
JS-15880,"John Stevenson",US-2015-126214,1618.37
JS-15880,"John Stevenson",US-2015-126214,99.6
MO-17800,"Meg O'Connel",CA-2015-133025,32.4
KM-16225,"Kalyca Meade",CA-2015-108665,13.96
KM-16225,"Kalyca Meade",CA-2015-108665,155.82
KM-16225,"Kalyca Meade",CA-2015-108665,124.95
KM-16225,"Kalyca Meade",CA-2015-108665,601.65
GT-14710,"Greg Tran",CA-2015-124450,22.74
GT-14710,"Greg Tran",CA-2015-124450,1267.53
GT-14710,"Greg Tran",CA-2015-124450,1379.92
PB-19150,"Philip Brown",CA-2015-167269,6.208
HR-14770,"Hallie Redmond",CA-2017-106964,11.808
DE-13255,"Deanra Eno",CA-2016-126529,15.552
DE-13255,"Deanra Eno",CA-2016-126529,63.312
DE-13255,"Deanra Eno",CA-2016-126529,15.588
LA-16780,"Laura Armstrong",CA-2014-163552,177.2
LA-16780,"Laura Armstrong",CA-2014-163552,197.97
LA-16780,"Laura Armstrong",CA-2014-163552,854.94
